"Format,""AIM CSV File"""
"Venue,""Mariembourg"""
"Vehicle,""None"""
"User,""Rene"""
"Data Source,""AIM Data Logger"""
"Comment,"""""
"Date,""03/31/19"""
"Time,""12:29:53"""
"Sample Rate,""10"""
"Duration,""62.725"""
"Segment,""Lap 5 - 1:02.725"""

"Time,""Distance"",""RPM"",""GPS_Speed"",""GPS_LatAcc"",""GPS_LonAcc"",""GPS_Slope"",""GPS_Heading"",""GPS_Gyro"",""GPS_Altitude"","
"Time,""Distance"",""RPM"",""GPS_Speed"",""GPS_LatAcc"",""GPS_LonAcc"",""GPS_Slope"",""GPS_Heading"",""GPS_Gyro"",""GPS_Altitude"","
"sec,""km"",""rpm"",""km/h"",""g"",""g"",""deg"",""deg"",""deg/s"",""m"","
","""",""1"",""2"",""3"",""4"",""5"",""6"",""7"",""8"","

0.000,0.000,13910.491211,97.252007,0.022153,0.052770,0.583133,85.922073,0.389059,161.065582
0.100,0.003,13943.317383,97.426003,0.039055,0.043172,0.575914,86.001831,0.818548,161.090790
0.200,0.005,13972.372070,97.552002,0.050604,0.045186,0.562965,86.035751,1.082109,161.119995
0.300,0.008,13988.479492,97.752007,0.039259,0.054912,0.556204,86.026817,0.820382,161.150467
0.400,0.011,14000.955078,97.952003,0.010452,0.062458,0.570184,85.986481,0.216713,161.190262
0.500,0.014,14025.023438,98.152000,-0.031764,0.057487,0.561704,85.923225,-0.640890,161.217194
0.600,0.016,14041.068359,98.326004,-0.082482,0.037041,0.549787,85.843010,-1.727218,161.243774
0.700,0.019,14066.256836,98.426003,-0.114743,0.018457,0.506930,85.768753,-2.411559,161.272461
0.800,0.022,14076.029297,98.539001,-0.109505,0.021542,0.463614,85.735291,-2.273591,161.303955
0.900,0.025,14080.027344,98.689003,-0.084254,0.038839,0.387411,85.808395,-1.725384,161.329437
1.000,0.027,14095.776367,98.826004,-0.065797,0.043988,0.282559,86.048355,-1.360525,161.343307
1.100,0.030,14116.003906,98.926003,-0.030502,0.027507,0.168426,86.514969,-0.744022,161.358276
1.200,0.033,14136.843750,99.005196,0.091889,0.008489,0.103109,87.236671,1.689902,161.373535
1.300,0.036,14152.573242,99.025200,0.337169,0.000000,0.068273,88.227890,6.742931,161.380127
1.400,0.038,14220.885742,99.045197,0.655894,0.000994,-0.001972,89.508568,13.368615,161.388794
1.500,0.041,14251.498047,99.065201,0.945507,0.002996,-0.071987,91.090157,19.251287,161.378174
1.600,0.044,14301.060547,99.085197,1.150686,-0.009139,-0.126303,92.984131,23.290411,161.344971
1.700,0.047,14316.738281,99.022003,1.279999,-0.057843,-0.163202,95.198959,25.778421,161.324539
1.800,0.049,14248.295898,98.644005,1.363093,-0.134003,-0.192537,97.722717,27.442751,161.334824
1.900,0.052,14158.479492,97.992004,1.428737,-0.186608,-0.257855,100.503624,28.904480,161.335678
2.000,0.055,14049.844727,97.244003,1.503495,-0.197774,-0.265876,103.478882,30.619686,161.317032
2.100,0.057,13975.574219,96.644005,1.604192,-0.188290,-0.231498,106.602646,32.947269,161.297928
2.200,0.060,13845.714844,96.018005,1.683348,-0.188443,-0.231384,109.838020,34.876076,161.295944
2.300,0.063,13767.989258,95.318001,1.690588,-0.200412,-0.324318,113.164619,35.159805,161.290787
2.400,0.065,13698.610352,94.592003,1.675432,-0.208825,-0.394104,116.548500,35.006710,161.271942
2.500,0.068,13580.473633,93.818001,1.683437,-0.202758,-0.432721,119.989685,35.461868,161.254501
2.600,0.071,13455.994141,93.118004,1.678198,-0.203369,-0.490934,123.479233,35.686470,161.243057
2.700,0.073,13340.875977,92.391998,1.627378,-0.229321,-0.618474,126.991692,34.771568,161.225830
2.800,0.076,13158.626953,91.540001,1.588297,-0.259849,-0.735358,130.521118,34.266449,161.199173
2.900,0.078,13036.431641,90.566002,1.589241,-0.264922,-0.797924,134.059479,34.750023,161.167282
3.000,0.081,12925.915039,89.666000,1.607022,-0.239888,-0.829552,137.632202,35.648422,161.134216
3.100,0.083,12819.869141,88.844002,1.602331,-0.199329,-0.868169,141.239319,35.871189,161.096344
3.200,0.086,12741.260742,88.270004,1.581159,-0.155315,-0.904036,144.889740,35.577377,161.043259
3.300,0.088,12694.549805,87.795998,1.574162,-0.126062,-0.947123,148.605957,35.474705,160.985550
3.400,0.090,12663.159180,87.370003,1.612261,-0.116133,-1.003158,152.373489,36.480358,160.934158
3.500,0.093,12585.705078,86.922005,1.671213,-0.117203,-1.074892,156.175415,37.999382,160.896179
3.600,0.095,12534.750977,86.570007,1.718044,-0.133889,-1.141699,160.008728,39.181049,160.872055
3.700,0.098,12444.470703,86.044006,1.762936,-0.164557,-1.155450,163.876892,40.518105,160.845886
3.800,0.100,12437.848633,85.417999,1.784453,-0.160567,-1.123823,167.804855,41.513218,160.811050
3.900,0.102,12441.750000,84.848000,1.726443,-0.106624,-1.086695,171.761246,40.445225,160.760925
4.000,0.105,12450.796875,84.648003,1.631572,-0.056352,-1.071455,175.723129,38.101597,160.707199
4.100,0.107,12544.786133,84.473999,1.632247,-0.035652,-1.092883,86.073341,38.217567,160.641876
4.200,0.109,12461.461914,84.413002,1.706189,-0.011586,-1.107092,-176.391281,40.227501,160.579941
4.300,0.112,12395.502930,84.462997,1.711071,0.014467,-1.096436,-172.493118,40.357220,160.528000
4.400,0.114,12398.443359,84.473999,1.621693,0.002001,-1.042119,-168.669189,37.951256,160.494995
4.500,0.116,12391.610352,84.374001,1.572581,-0.029087,-0.987344,-164.902573,36.789753,160.462021
4.600,0.119,12343.149414,84.274002,1.604001,-0.026245,-0.917558,-161.193237,37.866913,160.429840
4.700,0.121,12274.200195,84.252007,1.613255,0.007597,-0.881920,-157.541199,38.282654,160.398438
4.800,0.123,12299.711914,84.413002,1.540116,0.028731,-0.864961,-153.949448,36.446438,160.369141
4.900,0.126,12339.624023,84.462997,1.445384,0.038635,-0.859002,-150.426453,33.987762,160.339951
5.000,0.128,12389.117188,84.578003,1.402645,0.059067,-0.831614,-146.981140,32.982567,160.311279
5.100,0.131,12436.220703,84.852005,1.400402,0.057283,-0.795976,-143.656830,32.841385,160.279465
5.200,0.133,12420.105469,85.017334,1.423613,0.019426,-0.773058,-140.516327,33.425804,160.234711
5.300,0.135,12407.997070,85.084000,1.435123,0.002193,-0.753119,-137.602493,33.951550,160.187134
5.400,0.138,12372.782227,85.150673,1.359690,0.036366,-0.744639,-134.943756,32.299141,160.148132
5.500,0.140,12377.375977,85.278000,1.181456,0.083018,-0.744639,-132.554520,27.981789,160.123886
5.600,0.142,12410.629883,85.604004,0.960968,0.106242,-0.734212,-130.457718,22.631741,160.101868
5.700,0.145,12447.296875,85.978004,0.748332,0.097421,-0.692615,-128.673294,17.544333,160.081863
5.800,0.147,12564.733398,86.252007,0.556651,0.076377,-0.652737,-127.209732,13.022091,160.059448
5.900,0.150,12610.236328,86.478004,0.377614,0.074962,-0.638757,-126.064049,8.828957,160.034531
6.000,0.152,12566.631836,86.804001,0.209310,0.100034,-0.645747,-125.215843,4.846671,160.006104
6.100,0.154,12611.601563,87.229996,0.078378,0.123883,-0.641507,-124.616295,1.712362,159.976883
6.200,0.157,12620.289063,87.704002,0.014671,0.127694,-0.637038,-124.211105,0.250174,159.947296
6.300,0.159,12680.140625,88.104004,0.006641,0.119766,-0.615380,-123.954414,0.130082,159.917145
6.400,0.162,12733.053711,88.504005,0.014327,0.116821,-0.578023,-123.803383,0.349639,159.882187
6.500,0.164,12792.458984,88.930000,0.012555,0.119014,-0.535166,-123.720657,0.274926,159.852722
6.600,0.167,12852.257813,89.404007,0.011689,0.116719,-0.505258,-123.657394,0.242840,159.826675
6.700,0.169,12906.167969,89.778000,0.018087,0.110537,-0.485090,-123.571220,0.398226,159.805496
6.800,0.172,12964.322266,90.104004,0.025875,0.108039,-0.446014,-123.462135,0.580656,159.788452
6.900,0.174,13022.135742,90.504005,0.035231,0.109645,-0.372790,-123.327148,0.766753,159.776672
7.000,0.177,13079.834961,90.904007,0.057882,0.112692,-0.294295,-123.151825,1.269580,159.769211
7.100,0.179,13138.959961,91.330002,0.094541,0.117981,-0.235509,-122.922188,2.100598,159.756577
7.200,0.182,13196.404297,91.804001,0.126509,0.124635,-0.179932,-122.646706,2.811524,159.735672
7.300,0.184,13250.666016,92.229996,0.140950,0.127299,-0.145555,-122.328369,3.084711,159.713806
7.400,0.187,13304.725586,92.704002,0.158936,0.127159,-0.118626,-121.978630,3.406942,159.714157
7.500,0.190,13356.458008,93.104004,0.204887,0.128931,-0.108427,-121.602997,4.380054,159.712738
7.600,0.192,13418.662109,93.529999,0.260219,0.118364,-0.082529,-121.175117,5.560347,159.715454
7.700,0.195,13464.743164,93.952003,0.276381,0.029049,-0.040704,-120.638138,5.881661,159.718887
7.800,0.197,13156.474609,93.839996,0.231157,-0.206786,0.007425,-119.951279,4.810001,159.724503
7.900,0.200,11174.172852,92.501999,0.185448,-0.517786,0.013155,-119.043716,3.786011,159.721237
8.000,0.202,10023.060547,90.071999,0.235402,-0.711889,0.006967,-117.892067,5.004807,159.719238
8.100,0.205,10627.147461,87.402000,0.411328,-0.705312,-0.039099,-116.456932,9.322159,159.720810
8.200,0.207,11706.692383,85.206001,0.664855,-0.591308,-0.106594,-114.746765,15.687032,159.718658
8.300,0.209,11567.734375,83.384003,0.929879,-0.499699,-0.177870,-112.743706,22.413097,159.717651
8.400,0.212,11230.585938,81.758003,1.170622,-0.467489,-0.229665,-110.376015,28.723883,159.720016
8.500,0.214,10900.261719,80.057999,1.333904,-0.466444,-0.307358,-107.587311,33.264000,159.720947
8.600,0.216,10837.348633,78.358002,1.383959,-0.451836,-0.413470,-104.406937,35.073174,159.710739
8.700,0.218,10897.128906,76.762001,1.365298,-0.416592,-0.528061,-100.909142,34.958580,159.688004
8.800,0.220,10766.175781,75.487999,1.420694,-0.386944,-0.633715,-97.538544,36.889679,159.663910
8.900,0.222,10528.870117,74.236000,1.591051,-0.373637,-0.713929,-94.709969,42.342861,159.642136
9.000,0.224,10409.718750,72.862007,1.713557,-0.334785,-0.789674,-90.721268,46.533245,159.617004
9.100,0.226,10416.192383,71.718002,1.667810,-0.286170,-0.828864,-86.634926,45.443707,159.580811
9.200,0.228,10334.591797,70.888000,1.562333,-0.291397,-0.786809,-82.422089,42.637135,159.540604
9.300,0.230,10119.718750,69.662003,1.503827,-0.361005,-0.699147,-78.036903,41.599392,159.498627
9.400,0.232,9961.398438,68.258003,1.482973,-0.455265,-0.594754,-73.466301,41.997253,159.461197
9.500,0.234,9675.693359,66.454002,1.495210,-0.536880,-0.498611,-68.769653,43.744545,159.433960
9.600,0.236,9546.481445,64.405998,1.575972,-0.516473,-0.382301,-63.938011,48.113235,159.424622
9.700,0.238,9703.568359,62.765999,1.660697,-0.347698,-0.231384,-58.931046,52.604763,159.431671
9.800,0.239,9758.099609,62.048000,1.650449,-0.161434,-0.043797,-53.721256,52.704231,159.443527
9.900,0.241,9787.452148,61.770000,1.639028,-0.089403,0.138059,-48.368916,52.172070,159.459015
10.000,0.243,9626.157227,61.348000,1.721013,-0.060469,0.297800,-42.936817,54.937847,159.470978
10.100,0.245,9535.544922,61.252003,1.833233,0.018533,0.388786,-37.476753,58.775291,159.482803
10.200,0.246,9502.543945,61.556000,1.842194,0.096198,0.406547,-32.051533,58.632282,159.496231
10.300,0.248,9516.778320,62.026001,1.738425,0.084777,0.363690,-26.689108,54.523483,159.513794
10.400,0.250,9626.883789,62.074001,1.625007,0.012517,0.347189,-21.369539,50.637001,159.529739
10.500,0.251,9660.802734,61.973999,1.579693,-0.022077,0.406891,-16.084347,49.455791,159.543045
10.600,0.253,9637.171875,61.926003,1.586296,0.007661,0.532713,-10.842471,50.076416,159.549744
10.700,0.255,9663.331055,62.077999,1.589113,0.046627,0.632636,-5.672329,50.056248,159.551071
10.800,0.257,9626.744141,62.326000,1.604587,0.049864,0.704142,-0.573463,50.412399,159.547211
10.900,0.258,9624.836914,62.452003,1.629621,0.037768,0.774615,4.476587,51.176956,159.559006
11.000,0.260,9543.891602,62.626003,1.635829,0.043542,0.867778,9.463382,51.394218,159.595291
11.100,0.262,9519.385742,62.778000,1.618812,0.067913,0.965181,14.369964,50.765343,159.644333
11.200,0.264,9482.071289,63.104000,1.598686,0.101946,1.061094,19.193352,50.053497,159.686340
11.300,0.265,9442.001953,63.504002,1.549077,0.125629,1.157237,23.928045,48.273663,159.724655
11.400,0.267,9500.707031,63.930000,1.461674,0.129300,1.252691,28.579546,45.081600,159.765976
11.500,0.269,9532.053711,64.377998,1.390727,0.124138,1.284662,33.127457,42.590378,159.810425
11.600,0.271,9625.930664,64.755997,1.365936,0.127707,1.232638,37.540836,41.544388,159.853317
11.700,0.272,9684.556641,65.304001,1.381563,0.130358,1.154143,41.828167,41.885410,159.888153
11.800,0.274,9740.996094,65.729996,1.394985,0.115483,1.093868,45.995399,42.011002,159.919495
11.900,0.276,9804.600586,66.152000,1.385361,0.097855,1.017664,50.062485,41.614059,159.951508
12.000,0.278,9874.713867,66.377998,1.334159,0.089111,0.933668,54.043854,39.820473,159.983795
12.100,0.280,9930.803711,66.678001,1.287162,0.095229,0.856548,57.959446,38.254234,160.014175
12.200,0.282,9993.838867,67.029999,1.273333,0.108218,0.682942,61.802845,37.705112,160.039795
12.300,0.284,10050.733398,67.504005,1.278813,0.121703,0.523889,65.531654,37.803661,160.062164
12.400,0.285,10075.763672,67.904007,1.260790,0.116171,0.497877,69.133957,37.037731,160.077759
12.500,0.287,10129.080078,68.304001,1.225253,0.104801,0.520681,72.563911,35.900066,160.095184
12.600,0.289,10194.364258,68.678001,1.167180,0.107274,0.426028,75.769722,34.197235,160.114197
12.700,0.291,10265.291992,69.029999,1.077216,0.128331,0.328854,78.682640,31.466290,160.091827
12.800,0.293,10300.147461,69.556000,0.983848,0.156743,0.247150,81.245827,28.654671,160.080170
12.900,0.295,10327.460938,70.208000,0.876586,0.205027,0.161207,83.600220,25.617079,160.108475
13.000,0.297,10382.702148,71.034004,0.663912,0.255465,0.073773,85.837738,19.277416,160.146637
13.100,0.299,10487.278320,71.960007,0.376836,0.269345,0.016363,87.137436,10.469449,160.142212
13.200,0.301,10614.513672,72.908005,0.166099,0.258409,0.063919,88.061958,4.461185,160.139069
13.300,0.303,10723.769531,73.734001,0.046423,0.239098,0.110328,88.619797,1.202201,160.136826
13.400,0.305,10825.764648,74.582001,-0.025353,0.216601,0.072284,88.810928,-0.676184,160.127472
13.500,0.307,10924.758789,75.281998,-0.090003,0.195059,0.015103,88.635376,-2.433102,160.123856
13.600,0.309,11022.326172,75.956001,-0.153977,0.186927,0.082826,88.113991,-4.085054,160.121307
13.700,0.312,11111.801758,76.608002,-0.231208,0.188456,0.180229,87.309090,-6.051445,160.118073
13.800,0.314,11210.401367,77.356003,-0.338329,0.180962,0.285080,86.241104,-8.776891,160.117325
13.900,0.316,11308.477539,77.930000,-0.479598,0.162033,0.405172,84.937965,-12.381483,160.130432
14.000,0.318,11403.368164,78.430000,-0.639375,0.147617,0.509794,83.382729,-16.425188,160.144684
14.100,0.320,11502.782227,78.930000,-0.785360,0.137509,0.623125,81.590286,-20.045366,160.162125
14.200,0.322,11558.355469,79.404007,-0.887370,0.120059,0.755135,79.614960,-22.410076,160.192062
14.300,0.325,11623.927734,79.778000,-0.961312,0.098798,0.889207,77.493637,-23.915350,160.228226
14.400,0.327,11720.139648,80.078003,-1.054616,0.080991,0.976411,75.234810,-25.916578,160.270477
14.500,0.329,11766.062500,80.352005,-1.148226,0.028871,1.047916,72.835495,-28.013605,160.308121
14.600,0.331,11685.336914,80.370003,-1.155874,-0.131199,1.109452,70.290184,-28.040190,160.349976
14.700,0.334,10141.293945,79.505997,-1.070855,-0.394961,1.165258,67.607368,-25.984875,160.393875
14.800,0.336,9452.404297,77.449997,-1.022202,-0.616686,1.198948,64.769165,-25.449503,160.447937
14.900,0.338,10047.531250,75.028000,-1.078375,-0.657768,1.184739,61.828972,-28.148365,160.496643
15.000,0.340,10252.912109,72.931999,-1.163101,-0.564120,1.180499,58.863113,-31.611780,160.539505
15.100,0.342,10097.916016,71.183998,-1.208797,-0.483218,1.177519,55.351341,-33.541042,160.575226
15.200,0.344,9954.373047,69.557999,-1.271522,-0.478017,1.151163,51.595947,-36.007053,160.618301
15.300,0.346,9724.329102,67.832001,-1.404837,-0.500833,1.082408,47.582493,-41.017910,160.662476
15.400,0.347,9516.350586,66.057999,-1.562294,-0.458158,1.013653,43.305939,-47.342449,160.696289
15.500,0.349,9503.461914,64.540001,-1.626345,-0.299185,0.952347,38.806156,-50.502884,160.721481
15.600,0.351,9699.674805,63.877998,-1.569037,-0.091354,0.916709,34.106068,-48.801888,160.750565
15.700,0.353,9760.996094,64.073997,-1.506121,0.015015,0.892301,29.234552,-45.966434,160.775482
15.800,0.355,9712.072266,63.973999,-1.572109,-0.026780,0.868122,24.237442,-47.742603,160.794357
15.900,0.356,9752.211914,63.770000,-1.683526,-0.096618,0.867091,19.160578,-51.263317,160.813889
16.000,0.358,9614.390625,63.296001,-1.727055,-0.128561,0.919574,14.046815,-52.893265,160.833893
16.100,0.360,9476.148438,62.869999,-1.703359,-0.142582,1.077137,8.906696,-52.367519,160.854126
16.200,0.362,9365.842773,62.344002,-1.686776,-0.152792,1.363043,3.685905,-52.415188,160.882217
16.300,0.363,9309.744141,61.770000,-1.692308,-0.144200,1.675305,-1.643519,-53.045444,160.914154
16.400,0.365,9226.751953,61.322002,-1.726430,-0.113303,1.862204,-7.052699,-54.715271,160.950760
16.500,0.367,9141.616211,61.048000,-1.744352,-0.093291,1.976108,-12.492819,-55.574707,160.988373
16.600,0.368,9168.563477,60.770000,-1.737227,-0.101908,2.027216,-17.915520,-55.777767,161.050171
16.700,0.370,9094.565430,60.296001,-1.711645,-0.098377,2.030997,-23.300865,-55.456448,161.168915
16.800,0.372,9124.835938,59.987000,-1.685616,-0.051457,1.993640,-28.634415,-55.221306,161.287231
16.900,0.373,9034.056641,59.937000,-1.633942,0.011255,1.947804,-33.899208,-53.739868,161.361832
17.000,0.375,9061.494141,60.004002,-1.547955,0.064778,1.890050,-39.089291,-50.803574,161.406799
17.100,0.377,9079.622070,60.377998,-1.457569,0.096287,1.749217,-44.187698,-47.369953,161.447891
17.200,0.378,9123.226563,60.704002,-1.430432,0.096580,1.437184,-49.188469,-46.198830,161.474350
17.300,0.380,9189.175781,61.077999,-1.461457,0.084025,1.056969,-54.071678,-47.127018,161.487701
17.400,0.382,9224.126953,61.352001,-1.489869,0.079296,0.779314,-58.825855,-48.044209,161.513199
17.500,0.383,9235.377930,61.577999,-1.482374,0.095764,0.633553,-63.448475,-47.586300,161.534134
17.600,0.385,9267.163086,61.956001,-1.462286,0.128102,0.522170,-67.947571,-46.708530,161.549316
17.700,0.387,9339.132813,62.556000,-1.437443,0.152346,0.445165,-72.276840,-45.626789,161.557037
17.800,0.389,9403.129883,63.104000,-1.396284,0.150752,0.389129,-76.353088,-44.050922,161.560272
17.900,0.390,9473.708008,63.530003,-1.336249,0.141180,0.321864,-80.081665,-41.992401,161.568237
18.000,0.392,9530.707031,64.029999,-1.254684,0.147426,0.255859,-83.380302,-39.439762,161.582947
18.100,0.394,9588.230469,64.556000,-1.112842,0.170140,0.179885,-86.229042,-35.002316,161.597137
18.200,0.396,9564.293945,65.181999,-0.868594,0.198462,0.101161,-88.619423,-27.240341,161.603882
18.300,0.398,9665.842773,65.908005,-0.545765,0.223127,0.032635,-90.554428,-16.784090,161.606262
18.400,0.400,9729.946289,66.734001,-0.264323,0.245433,-0.026380,-92.051445,-7.829447,161.607452
18.500,0.401,9881.958008,67.660004,-0.101819,0.263928,-0.106594,-93.138916,-2.882759,161.610291
18.600,0.403,9999.770508,68.660004,-0.027762,0.265114,-0.186808,-93.840218,-0.834779,161.605576
18.700,0.405,10110.751953,69.608002,0.028833,0.246746,-0.264042,-94.218605,0.868510,161.593369
18.800,0.407,10235.965820,70.408005,0.068041,0.228225,-0.332797,-94.351295,2.028177,161.572678
18.900,0.409,10345.248047,71.208000,0.077154,0.220323,-0.413470,-94.313026,2.259193,161.557602
19.000,0.411,10457.986328,71.982002,0.067034,0.218130,-0.501247,-94.195450,1.867290,161.543198
19.100,0.413,10566.875977,72.708000,0.064892,0.220590,-0.488871,-94.066422,1.795326,161.529602
19.200,0.415,10672.212891,73.508003,0.069188,0.227907,-0.416105,-93.934875,1.915877,161.510376
19.300,0.417,10779.421875,74.307999,0.068538,0.232623,-0.389864,-93.826241,1.910376,161.489746
19.400,0.419,10894.346680,75.108002,0.051011,0.229309,-0.431232,-93.737549,1.396548,161.464081
19.500,0.421,10995.791016,75.908005,0.020203,0.215237,-0.431575,-93.660316,0.546737,161.436005
19.600,0.424,11112.072266,76.655998,-0.010873,0.199546,-0.360299,-93.591553,-0.319575,161.418564
19.700,0.426,11204.995117,77.307999,-0.024996,0.194460,-0.323401,-93.519821,-0.691769,161.428040
19.800,0.428,11310.875000,78.082001,-0.019438,0.200617,-0.310452,-93.439606,-0.527674,161.438522
19.900,0.430,11424.785156,78.781998,-0.001185,0.199546,-0.275387,-93.359390,-0.044556,161.409180
20.000,0.432,11509.772461,79.456001,0.026322,0.189158,-0.190933,-93.270241,0.651703,161.378082
20.100,0.435,11590.148438,80.082001,0.060546,0.178234,-0.139023,-93.152672,1.544600,161.380157
20.200,0.437,11676.097656,80.755997,0.086944,0.173824,-0.190016,-93.017685,2.220690,161.391953
20.300,0.439,11766.333984,81.356003,0.094133,0.174678,-0.276304,-92.854271,2.371493,161.375656
20.400,0.441,11842.545898,81.956001,0.091775,0.177291,-0.273095,-92.682388,2.257818,161.356369
20.500,0.444,11921.793945,82.582001,0.093763,0.169847,-0.266793,-92.510498,2.283487,161.355682
20.600,0.446,12002.134766,83.204002,0.098760,0.154411,-0.340475,-92.344574,2.435206,161.364059
20.700,0.448,12080.095703,83.655998,0.089914,0.144201,-0.442920,-92.201561,2.211523,161.358444
20.800,0.451,12149.466797,84.229996,0.058838,0.144507,-0.487038,-92.087425,1.427717,161.338196
20.900,0.453,12210.061523,84.729996,0.020968,0.141881,-0.521873,-92.037010,0.459647,161.310471
21.000,0.455,12280.481445,85.229996,0.006284,0.136413,-0.602546,-92.110115,0.123207,161.280914
21.100,0.458,12338.591797,85.704002,0.012632,0.137636,-0.705220,-92.335175,0.329471,161.252365
21.200,0.460,12414.226563,86.155998,-0.000637,0.123653,-0.760568,-92.741516,0.112664,161.220139
21.300,0.463,12412.791016,86.573997,-0.091711,0.064535,-0.773287,-93.409363,-1.963735,161.185043
21.400,0.465,12427.769531,86.473999,-0.270875,-0.030591,-0.770308,-94.406990,-6.161911,161.150101
21.500,0.467,12360.289063,86.270004,-0.467680,-0.130498,-0.761828,-95.768791,-10.749700,161.114365
21.600,0.470,11998.652344,85.692001,-0.639923,-0.254432,-0.767787,-97.517235,-14.609143,161.075928
21.700,0.472,11704.619141,84.813995,-0.841355,-0.400417,-0.787726,-99.453148,-19.355526,161.043823
21.800,0.474,11357.664063,83.531998,-1.081600,-0.498284,-0.800675,-101.245354,-25.464172,161.023834
21.900,0.477,11607.165039,81.732002,-1.390702,-0.515530,-0.814884,-103.615112,-33.897652,161.004181
22.000,0.479,11406.027344,80.113998,-1.632196,-0.418389,-0.826572,-106.761566,-40.826317,160.980316
22.100,0.481,11248.022461,78.910004,-1.651609,-0.320637,-0.865648,-110.658600,-41.622955,160.953033
22.200,0.483,11263.525391,77.436005,-1.614606,-0.300306,-0.946321,-115.761353,-41.186592,160.914658
22.300,0.485,11257.541016,76.244003,-1.648690,-0.235236,-1.050484,-120.393143,-42.833042,160.874374
22.400,0.487,11268.083984,75.695999,-1.654770,-0.145322,-1.120500,-124.794380,-43.199280,160.837173
22.500,0.490,11300.086914,75.321999,-1.657408,-0.114539,-1.161409,-129.275375,-43.316162,160.801331
22.600,0.492,11221.872070,74.944000,-1.683080,-0.127566,-1.139293,-133.799225,-44.169640,160.756439
22.700,0.494,11192.553711,74.370003,-1.727259,-0.128153,-1.066069,-138.345520,-45.614868,160.703613
22.800,0.496,11103.770508,73.947998,-1.783050,-0.101219,-0.983104,-142.874405,-47.466667,160.642502
22.900,0.498,11161.048828,73.722000,-1.817669,-0.075803,-0.913089,-147.374878,-48.693256,160.587860
23.000,0.500,10958.459961,73.447998,-1.798180,-0.052898,-0.848345,-151.857925,-48.444363,160.545898
23.100,0.502,10932.833984,73.282669,-1.702875,-0.023517,-0.753463,-156.306595,-45.937557,160.523270
23.200,0.504,10975.257813,73.216003,-1.574620,-0.006513,-0.630162,-160.714935,-42.451683,160.516159
23.300,0.506,10955.388672,73.149330,-1.482323,-0.000127,-0.513279,-165.057037,-39.929295,160.513153
23.400,0.508,10977.558594,73.178001,-1.473209,0.027112,-0.446243,-169.307465,-39.842205,160.506134
23.500,0.510,10996.351563,73.504005,-1.502437,0.068844,-0.407855,-173.454300,-40.686054,160.494949
23.600,0.512,11079.080078,73.852005,-1.507472,0.074121,-0.399604,-108.201973,-40.651680,160.484070
23.700,0.514,11095.799805,74.026001,-1.496166,0.055549,-0.418283,109.385155,-40.258862,160.476196
23.800,0.516,11086.018555,74.178001,-1.479200,0.075191,-0.435242,174.884781,-39.861916,160.465118
23.900,0.518,11094.059570,74.529999,-1.435008,0.120059,-0.445670,171.248093,-38.606449,160.438858
24.000,0.520,11124.513672,75.029999,-1.358517,0.154411,-0.485777,167.795685,-36.332951,160.407959
24.100,0.522,11180.594727,75.556000,-1.269954,0.169273,-0.524394,164.607285,-33.732182,160.383728
24.200,0.525,11269.308594,76.155998,-1.185598,0.175481,-0.555793,161.734711,-31.284506,160.367706
24.300,0.527,11316.614258,76.781998,-1.098731,0.182376,-0.572752,159.240738,-28.931713,160.355133
24.400,0.529,11310.358398,77.482002,-0.966704,0.192408,-0.562324,157.168228,-25.371122,160.345001
24.500,0.531,11390.882813,78.181999,-0.762569,0.202796,-0.520728,155.533691,-19.881269,160.323914
24.600,0.533,11459.229492,78.882004,-0.505269,0.215377,-0.477870,154.314667,-13.003944,160.295456
24.700,0.535,11525.572266,79.634003,-0.243725,0.220195,-0.449452,153.522614,-6.175662,160.271393
24.800,0.538,11610.026367,80.482002,-0.014046,0.197634,-0.445441,153.166000,-0.284281,160.250961
24.900,0.540,11701.452148,81.104004,0.159688,0.159025,-0.461140,153.244858,4.043613,160.226547
25.000,0.542,11793.525391,81.529999,0.283188,0.136056,-0.468130,153.750198,7.037661,160.205811
25.100,0.544,11885.538086,82.029999,0.387836,0.135278,-0.466870,154.638733,9.510547,160.193939
25.200,0.547,11942.440430,82.529999,0.508877,0.133761,-0.484287,155.844696,12.404671,160.187943
25.300,0.549,12036.728516,83.004005,0.653371,0.128268,-0.508237,157.310776,15.869003,160.178619
25.400,0.551,12136.037109,83.430000,0.799789,0.129402,-0.506977,158.985657,19.390173,160.163330
25.500,0.554,12212.196289,83.930000,0.903596,0.128803,-0.522905,160.834930,21.812180,160.141891
25.600,0.556,12262.764648,84.377998,0.943646,0.120072,-0.564960,162.830200,22.575359,160.116608
25.700,0.558,12330.236328,84.729996,0.955219,0.120327,-0.649643,164.960007,22.664742,160.082733
25.800,0.561,12377.296875,85.229996,0.974173,0.139115,-0.745556,167.206909,23.002556,160.050476
25.900,0.563,12449.212891,85.755997,0.987685,0.148840,-0.828291,169.545502,23.180403,160.022018
26.000,0.565,12515.285156,86.278000,0.991024,0.131314,-0.885587,171.963837,23.040602,159.998779
26.100,0.568,12585.162109,86.629997,1.017116,0.106803,-0.947352,174.428009,23.476965,159.970581
26.200,0.570,12649.624023,87.078003,1.078235,0.099614,-1.024816,176.940994,24.870857,159.932266
26.300,0.573,12711.698242,87.404007,1.141623,0.104623,-1.103311,85.917030,26.252375,159.884033
26.400,0.575,12772.389648,87.804001,1.185701,0.115483,-1.159117,-177.821167,27.111811,159.829498
26.500,0.578,12803.841797,88.229996,1.209932,0.125247,-1.221111,-175.052628,27.445957,159.779160
26.600,0.580,12860.639648,88.704002,1.227127,0.117573,-1.299377,-172.169510,27.563301,159.730347
26.700,0.583,12920.079102,89.052002,1.270911,0.079130,-1.324587,-169.177750,28.301271,159.670807
26.800,0.585,12974.410156,89.226006,1.366955,0.026589,-1.293991,-166.100281,30.423046,159.596756
26.900,0.588,12971.382813,89.274002,1.476766,-0.015334,-1.232685,-162.957031,32.949562,159.533600
27.000,0.590,13007.550781,89.148003,1.553423,-0.024320,-1.192578,-159.759476,34.761028,159.483566
27.100,0.592,13018.111328,89.026001,1.583696,0.001491,-1.149491,-156.525009,35.488457,159.428040
27.200,0.595,13017.892578,89.152000,1.568821,0.029483,-1.083028,-153.285049,35.106636,159.368149
27.300,0.597,13015.135742,89.287003,1.526783,0.022663,-0.977146,-150.065491,34.077145,159.326035
27.400,0.600,13006.509766,89.237000,1.487460,0.001746,-0.887191,-146.891754,33.254833,159.297821
27.500,0.602,12945.337891,89.226006,1.436079,0.009726,-0.815457,-143.772812,32.254677,159.266449
27.600,0.605,12917.462891,89.352005,1.332400,0.038749,-0.724815,-140.737045,29.883091,159.235016
27.700,0.607,12940.884766,89.552002,1.209078,0.052401,-0.616411,-137.795944,26.959633,159.204773
27.800,0.610,13006.020508,89.726006,1.152114,0.052146,-0.556824,-134.957962,25.557032,159.176300
27.900,0.612,13008.434570,89.877998,1.194113,0.057767,-0.539635,-132.232056,26.609440,159.149734
28.000,0.615,13008.907227,90.178001,1.246221,0.061387,-0.519467,-129.643661,27.861698,159.128662
28.100,0.617,13011.759766,90.426003,1.219466,0.050412,-0.486350,-127.186821,27.184692,159.111496
28.200,0.620,13035.844727,90.526001,1.131554,0.046155,-0.439024,-124.841591,25.120211,159.099106
28.300,0.622,13079.327148,90.678001,1.037001,0.056990,-0.384478,-122.599495,22.979639,159.084991
28.400,0.625,13101.260742,90.952003,0.950873,0.063847,-0.330391,-120.466492,21.044416,159.066315
28.500,0.627,13102.617188,91.152000,0.873247,0.058889,-0.306212,-118.462517,19.282457,159.042633
28.600,0.630,13130.708984,91.352005,0.809030,0.054338,-0.299222,-116.590080,17.837229,159.021866
28.700,0.633,13176.046875,91.552002,0.755304,0.057461,-0.296013,-114.838196,16.672520,159.009338
28.800,0.635,13189.030273,91.752007,0.699220,0.068321,-0.264386,-113.211922,15.383136,159.004623
28.900,0.638,13226.422852,91.978004,0.649929,0.079411,-0.225769,-111.680290,14.225760,159.001465
29.000,0.640,13267.577148,92.278000,0.628094,0.083133,-0.198840,-110.248810,13.700932,158.995590
29.100,0.643,13301.366211,92.578003,0.626055,0.078480,-0.194600,-108.906029,13.674346,158.983322
29.200,0.645,13325.635742,92.852005,0.607955,0.072464,-0.196090,-107.646446,13.209562,158.970169
29.300,0.648,13351.786133,93.052002,0.569830,0.071100,-0.204799,-106.469589,12.246077,158.963364
29.400,0.651,13379.283203,93.278000,0.531884,0.064153,-0.220498,-105.344070,11.298175,158.964890
29.500,0.653,13407.962891,93.526001,0.502516,-0.006755,-0.227488,-104.241005,10.569832,158.959900
29.600,0.656,13203.780273,93.365997,0.468050,-0.207589,-0.224738,-103.126495,9.790608,158.943390
29.700,0.658,11875.914063,92.102005,0.435942,-0.502439,-0.236426,-101.985619,9.190149,158.925446
29.800,0.661,11223.105469,89.646004,0.434374,-0.727784,-0.271033,-100.764069,9.438126,158.915009
29.900,0.663,10218.257813,86.823997,0.478846,-0.760708,-0.315150,-99.416016,10.879229,158.905762
30.000,0.666,11014.409180,84.354004,0.550468,-0.673306,-0.338069,-97.892632,12.982671,158.897064
30.100,0.668,11220.900391,82.254005,0.635678,-0.616609,-0.352049,-96.139610,15.333632,158.888596
30.200,0.670,10459.963867,80.102005,0.754373,-0.644639,-0.349528,-94.114090,18.637535,158.875504
30.300,0.672,9954.923828,77.698006,0.909957,-0.694006,-0.375425,-91.790634,23.203779,158.854172
30.400,0.674,9599.324219,75.076004,1.062583,-0.687888,-0.411293,-89.258621,27.980415,158.835693
30.500,0.676,9314.066406,72.780006,1.188365,-0.632874,-0.451400,-86.581757,32.149715,158.827805
30.600,0.678,9143.733398,70.754005,1.305224,-0.601594,-0.494486,-83.297791,36.242924,158.813522
30.700,0.680,8805.054688,68.628006,1.394602,-0.619669,-0.541583,-79.641632,39.933689,158.793625
30.800,0.682,8754.380859,66.349998,1.412957,-0.642294,-0.570002,-75.636200,41.638813,158.778580
30.900,0.684,8836.498047,63.953999,1.422492,-0.611154,-0.594868,-71.301430,43.184422,158.766327
31.000,0.686,8971.852539,61.984001,1.513641,-0.524682,-0.663852,-66.642830,47.636990,158.743988
31.100,0.687,8750.566406,60.436001,1.613268,-0.446126,-0.737879,-61.657871,52.345787,158.722641
31.200,0.689,8384.494141,58.958000,1.618417,-0.425693,-0.758620,-56.375423,53.554043,158.701843
31.300,0.690,8375.500000,57.310001,1.595091,-0.422889,-0.722752,-50.838364,54.088955,158.680679
31.400,0.692,8299.209961,55.888000,1.629290,-0.352286,-0.675197,-45.081051,57.014706,158.659348
31.500,0.694,8290.469727,54.869999,1.694144,-0.205218,-0.597504,-39.143837,60.727016,158.633804
31.600,0.695,8346.296875,54.517334,1.711007,-0.062457,-0.483944,-33.086983,61.558491,158.603256
31.700,0.697,8448.133789,54.584000,1.697573,0.015079,-0.322828,-26.967337,60.535416,158.580658
31.800,0.698,8436.655273,54.650669,1.715545,0.034084,-0.097426,-20.810791,60.665134,158.579315
31.900,0.700,8423.750977,54.726002,1.756589,0.030655,0.170603,-14.654703,61.956806,158.584808
32.000,0.701,8422.989258,54.826000,1.755582,0.021758,0.445394,-8.532992,61.686371,158.589340
32.100,0.703,8402.403320,54.926003,1.718579,0.020879,0.695776,-2.445660,60.142597,158.597122
32.200,0.704,8425.333984,55.026001,1.705119,0.038112,0.908573,3.610275,59.396381,158.619568
32.300,0.706,8422.858398,55.152000,1.736143,0.044307,1.059834,9.640311,60.309902,158.656219
32.400,0.707,8481.685547,55.247997,1.767207,0.005762,1.165716,15.624053,61.225258,158.707596
32.500,0.709,8480.697266,55.048000,1.766760,-0.045148,1.270568,21.530560,61.382481,158.758636
32.600,0.710,8480.155273,54.874001,1.745754,-0.052732,1.390660,27.377251,60.973618,158.797073
32.700,0.712,8364.424805,54.773998,1.714704,-0.028348,1.474426,33.192543,60.305775,158.825577
32.800,0.713,8406.760742,54.674000,1.640749,-0.035193,1.474770,38.967041,57.836555,158.855835
32.900,0.715,8361.878906,54.522003,1.550109,-0.061170,1.378169,44.643909,54.858093,158.887024
33.000,0.716,8426.489258,54.248001,1.508657,-0.065555,1.243868,50.200226,53.790558,158.918900
33.100,0.718,8367.958984,54.115604,1.535565,-0.037717,1.152882,55.636902,55.477802,158.956711
33.200,0.719,8193.505859,54.175602,1.531397,-0.004703,1.112775,61.010788,55.740906,158.996735
33.300,0.721,8079.052246,54.235603,1.423588,0.013907,1.062240,66.347778,51.690327,159.030029
33.400,0.722,8158.614746,54.295601,1.292554,0.022013,0.974578,71.673302,46.399860,159.050552
33.500,0.724,8204.843750,54.355602,1.291063,0.042318,0.855288,76.972473,46.292149,159.066528
33.600,0.725,8314.328125,54.478001,1.410854,0.060355,0.707809,82.176079,50.777260,159.086472
33.700,0.727,8283.269531,54.726002,1.531627,0.054020,0.580956,87.175018,55.256870,159.109543
33.800,0.728,8304.109375,54.826000,1.569254,0.051483,0.524577,91.834312,56.732353,159.127899
33.900,0.730,8412.394531,55.004002,1.512176,0.090398,0.549443,96.011406,54.895218,159.137283
34.000,0.731,8410.049805,55.430000,1.358989,0.137802,0.607999,99.617599,49.372822,159.137833
34.100,0.733,8432.281250,55.956001,1.118795,0.167756,0.635960,102.572693,40.587776,159.133606
34.200,0.735,8369.533203,56.582001,0.782696,0.198705,0.610062,104.805389,28.372316,159.137177
34.300,0.736,8479.892578,57.334003,0.349431,0.224363,0.584623,106.266891,12.467010,159.156662
34.400,0.738,8667.678711,58.181999,-0.078072,0.220781,0.596540,106.929688,-2.975349,159.190552
34.500,0.739,8673.873047,58.882000,-0.370246,0.200910,0.651315,106.848099,-13.024113,159.229599
34.600,0.741,8763.260742,59.582001,-0.531909,0.185168,0.733019,106.079880,-18.061100,159.260040
34.700,0.743,8849.394531,60.256001,-0.664421,0.175927,0.810024,104.722664,-22.283110,159.278488
34.800,0.744,9054.897461,60.855999,-0.777750,0.184607,0.848183,102.882088,-25.906036,159.292374
34.900,0.746,9037.268555,61.507999,-0.824351,0.206098,0.837755,100.641357,-27.116581,159.309906
35.000,0.748,9180.286133,62.308002,-0.801229,0.198144,0.797648,98.095131,-25.794653,159.332642
35.100,0.750,9253.410156,62.978001,-0.778158,0.142149,0.769459,95.331642,-24.650112,159.356415
35.200,0.751,9352.464844,63.252003,-0.816015,0.101181,0.781147,92.396729,-25.671812,159.381927
35.300,0.753,9443.174805,63.556000,-0.932658,0.131008,0.808305,89.330261,-29.306656,159.409164
35.400,0.755,9574.119141,64.234001,-1.079981,0.187131,0.825265,86.140259,-33.690929,159.436813
35.500,0.757,9691.538086,65.056000,-1.191882,0.193147,0.819306,82.789368,-36.662518,159.463562
35.600,0.759,9721.292969,65.604004,-1.232365,0.147018,0.780001,79.243683,-37.302853,159.492615
35.700,0.760,9809.272461,65.978004,-1.230440,0.103208,0.677671,75.503181,-36.736317,159.519592
35.800,0.762,9915.204102,66.304001,-1.261402,0.084777,0.534661,71.576820,-37.317982,159.544907
35.900,0.764,9996.236328,66.678001,-1.373812,0.066141,0.423507,67.493004,-40.477501,159.567810
36.000,0.766,10036.551758,66.913002,-1.522780,0.040993,0.363690,63.260227,-44.953445,159.590775
36.100,0.768,10078.309570,66.962997,-1.599093,0.035983,0.320374,58.884430,-47.019760,159.605118
36.200,0.770,10092.098633,67.052002,-1.599055,0.041579,0.248640,54.382587,-46.646648,159.596466
36.300,0.772,10166.026367,67.226006,-1.601464,0.016889,0.192261,49.757671,-46.418385,159.578140
36.400,0.773,10193.594727,67.248001,-1.661398,-0.023950,0.230535,45.024124,-48.293560,159.566254
36.500,0.775,10203.787109,67.073997,-1.730726,-0.029075,0.319802,40.204861,-50.617020,159.573532
36.600,0.777,10199.377930,67.026001,-1.734091,0.008757,0.302727,35.331741,-50.749943,159.585327
36.700,0.779,10160.226563,67.125999,-1.684724,0.025735,0.189626,30.453117,-49.014568,159.593765
36.800,0.781,10155.572266,67.174004,-1.667593,-0.000497,0.118006,25.597874,-48.433361,159.595383
36.900,0.783,10105.957031,67.086998,-1.703614,-0.023339,0.164301,20.799925,-49.809376,159.628479
37.000,0.785,10140.454102,67.037003,-1.721192,-0.004117,0.235577,16.059271,-50.639481,159.686310
37.100,0.786,10181.757813,67.078003,-1.657408,0.044243,0.268006,11.378895,-48.817017,159.711411
37.200,0.788,10220.182617,67.377998,-1.520269,0.070042,0.269725,6.761313,-44.410740,159.669556
37.300,0.790,10779.797852,67.586998,-1.421064,0.041439,0.280726,2.192548,-41.179256,159.623871
37.400,0.792,10242.825195,67.537003,-1.440476,0.012148,0.233972,-2.312963,-41.989189,159.620880
37.500,0.794,10283.891602,67.629997,-1.500053,0.044001,0.113422,-6.717404,-44.045883,159.646652
37.600,0.796,10198.091797,68.052002,-1.498269,0.095866,0.025072,-10.940561,-43.805698,159.671036
37.700,0.798,10242.675781,68.304001,-1.480296,0.095599,0.101963,-14.905200,-42.856880,159.684708
37.800,0.800,10208.958008,68.678001,-1.506070,0.075994,0.230076,-18.524689,-44.037632,159.689529
37.900,0.802,10176.438477,68.978004,-1.443905,0.102392,0.263079,-21.661518,-42.376507,159.694916
38.000,0.804,10211.433594,69.356003,-1.244908,0.158732,0.186875,-24.190094,-36.463585,159.703461
38.100,0.805,10249.762695,69.982002,-0.940981,0.202732,0.087983,-26.030664,-27.392977,159.711472
38.200,0.807,10299.709961,70.708000,-0.547944,0.215262,-0.015150,-27.146328,-15.890276,159.721039
38.300,0.809,10400.987305,71.456001,-0.078238,0.194001,-0.115303,-27.525625,-2.288258,159.723541
38.400,0.811,10515.624023,72.082001,0.398977,0.155099,-0.196548,-27.163059,11.225295,159.716492
38.500,0.813,10730.279297,72.678001,0.793161,0.117624,-0.245135,-26.037312,22.142204,159.704437
38.600,0.815,10957.715820,72.978004,1.048256,0.095548,-0.276304,-24.197657,28.914106,159.697067
38.700,0.818,10907.777344,73.304001,1.190774,0.088461,-0.270116,-22.058462,32.571869,159.679916
38.800,0.820,11324.102539,73.652000,1.273371,0.071406,-0.215112,-19.796427,34.637722,159.650726
38.900,0.822,11157.549805,73.839005,1.313573,0.046894,-0.111750,-17.717506,35.909233,159.623795
39.000,0.824,11108.275391,73.988998,1.238917,0.048156,-0.003347,-16.064407,34.133980,159.610672
39.100,0.826,11191.101563,74.152000,0.965493,0.086995,0.068158,-14.996644,26.781328,159.609146
39.200,0.828,10956.622070,74.430000,0.470854,0.129160,0.129694,-14.582051,13.042258,159.614868
39.300,0.830,11052.493164,74.956001,-0.151160,0.141868,0.186990,-14.835528,-4.048843,159.633179
39.400,0.832,11159.597656,75.504005,-0.749886,0.107759,0.232368,-15.802452,-20.127872,159.659698
39.500,0.834,11232.458008,75.826004,-1.192137,0.053930,0.227441,-17.491302,-31.730040,159.690353
39.600,0.836,11287.916992,75.926003,-1.412524,0.022064,0.166936,-19.878244,-37.221264,159.715607
39.700,0.838,11316.202148,76.026001,-1.467741,0.011625,0.063116,-22.865646,-38.278717,159.728134
39.800,0.840,11341.688477,76.073997,-1.497479,-0.007265,-0.087113,-26.329979,-38.843884,159.727432
39.900,0.843,11317.821289,75.973999,-1.566488,-0.024142,-0.224623,-30.125252,-40.851070,159.718430
40.000,0.845,11247.506836,75.874001,-1.603249,-0.009866,-0.353195,-34.122890,-41.926395,159.706772
40.100,0.847,11271.706055,75.852005,-1.571128,0.016978,-0.456327,-38.222748,-40.913864,159.687683
40.200,0.849,11285.257813,75.991333,-1.543837,0.017450,-0.549032,-42.354008,-39.916916,159.657471
40.300,0.851,11283.901367,75.958000,-1.595588,-0.005468,-0.609078,-46.514137,-41.355728,159.620224
40.400,0.853,11338.486328,75.924667,-1.670410,-0.020700,-0.663623,-50.714146,-43.461002,159.587708
40.500,0.855,11280.471680,75.874001,-1.694233,-0.014454,-0.725159,-54.937073,-44.237476,159.566513
40.600,0.857,11267.680664,75.826004,-1.644827,0.004614,-0.775006,-59.179943,-42.876129,159.550888
40.700,0.859,11319.291016,75.913002,-1.584983,0.016596,-0.794716,-63.422348,-41.176048,159.532974
40.800,0.862,11315.143555,75.962997,-1.589750,0.021631,-0.794945,-67.603569,-41.181549,159.511093
40.900,0.864,11351.819336,76.052002,-1.662328,0.038380,-0.821072,-71.617477,-43.152985,159.484329
41.000,0.866,11352.685547,76.252007,-1.710854,0.064357,-0.872638,-75.370354,-44.174225,159.451965
41.100,0.868,11352.239258,76.452003,-1.684992,0.058137,-0.918246,-78.851646,-43.035183,159.415955
41.200,0.870,11304.959961,76.573997,-1.566080,-0.038826,-0.942424,-82.127586,-39.641438,159.377289
41.300,0.872,10768.214844,76.213997,-1.326893,-0.243483,-0.952394,-85.170685,-33.611629,159.339386
41.400,0.874,9726.043945,74.854004,-0.995332,-0.483396,-0.955144,-87.938980,-25.423376,159.298828
41.500,0.876,9330.837891,72.676003,-0.727899,-0.638686,-0.953884,-90.981163,-19.002583,159.257751
41.600,0.878,9320.671875,70.328003,-0.665747,-0.678672,-0.966833,-94.015320,-18.248571,159.222549
41.700,0.880,8777.609375,68.076004,-0.788763,-0.664893,-0.981042,-97.089806,-22.965618,159.195633
41.800,0.882,8718.537109,65.702003,-0.966704,-0.619082,-0.979323,-100.239471,-29.330490,159.173080
41.900,0.884,8793.558594,63.584000,-1.125856,-0.524644,-0.953425,-103.544983,-35.041733,159.151489
42.000,0.885,8864.424805,62.062000,-1.269151,-0.428982,-0.920537,-107.123901,-40.160767,159.127853
42.100,0.887,8749.183594,60.710003,-1.389656,-0.415063,-0.905297,-111.087395,-44.607380,159.097794
42.200,0.889,8457.241211,59.106003,-1.444734,-0.486392,-0.935664,-115.477394,-47.231983,159.063477
42.300,0.890,7958.299805,57.153999,-1.435263,-0.562781,-0.987230,-120.262512,-48.260101,159.033737
42.400,0.892,7596.007324,55.080002,-1.444632,-0.574164,-1.037306,-125.422798,-50.559265,159.012863
42.500,0.893,7621.834473,53.158001,-1.527191,-0.500107,-1.083143,-130.949783,-56.076160,158.995087
42.600,0.895,7627.459473,51.640003,-1.602382,-0.364319,-1.112593,-136.834518,-60.893589,158.973312
42.700,0.896,7796.497559,50.692001,-1.603593,-0.227167,-1.080507,-143.033691,-61.776402,158.943085
42.800,0.898,7753.846191,49.996002,-1.591892,-0.142658,-1.007513,-149.472595,-61.227737,158.911697
42.900,0.899,7700.801758,49.622002,-1.685871,-0.104240,-0.943227,-156.068481,-65.095428,158.883087
43.000,0.900,7611.737793,49.348000,-1.831996,-0.073381,-0.873784,-162.755127,-71.455261,158.857407
43.100,0.902,7546.024414,49.147999,-1.863034,-0.036493,-0.743035,-169.452774,-72.652519,158.828171
43.200,0.903,7485.395020,49.013000,-1.787116,-0.008910,-0.591545,-106.865845,-69.540215,158.807373
43.300,0.904,7535.290039,49.063004,-1.694883,0.001504,-0.466984,107.944283,-65.732559,158.798325
43.400,0.906,7543.374023,49.074001,-1.649047,-0.009407,-0.325807,170.575668,-64.254333,158.794983
43.500,0.907,7501.974121,48.947998,-1.627582,-0.016863,-0.119313,164.025391,-63.934849,158.792206
43.600,0.908,7545.167480,48.826000,-1.593651,0.011727,0.099671,157.665787,-63.019035,158.802490
43.700,0.910,7562.831543,49.004002,-1.554863,0.067263,0.305936,151.681137,-61.603142,158.815887
43.800,0.911,7624.450195,49.403999,-1.535297,0.104355,0.506242,146.332443,-60.990303,158.815735
43.900,0.913,7657.013672,49.804001,-1.511793,0.103718,0.680650,141.876450,-60.281208,158.812637
44.000,0.914,7667.345703,50.178001,-1.427947,0.119320,0.817702,138.461166,-57.533760,158.837204
44.100,0.915,7629.953125,50.582001,-1.139520,0.181637,0.901468,136.137024,-46.273083,158.861069
44.200,0.917,7570.101563,51.308002,-0.550647,0.221839,0.930116,134.875595,-22.240940,158.885941
44.300,0.918,7672.805176,52.082001,0.193096,0.183970,0.973661,134.668411,7.630329,158.919540
44.400,0.920,7820.670898,52.678001,0.795748,0.121130,1.041728,135.506531,30.862162,158.963486
44.500,0.921,7972.368164,52.978001,1.105831,0.083451,1.038061,137.370468,41.816200,158.997131
44.600,0.923,8029.384766,53.252003,1.229179,0.067671,0.970567,140.256348,45.596806,159.027664
44.700,0.924,8137.635254,53.478001,1.317550,0.071164,0.885884,144.054153,48.479469,159.052155
44.800,0.926,8216.217773,53.804001,1.387757,0.097957,0.784012,148.539261,50.763504,159.070862
44.900,0.927,8286.681641,54.230003,1.416526,0.118020,0.690276,153.420166,51.115532,159.086685
45.000,0.929,8321.895508,54.678001,1.451541,0.107759,0.645471,158.491989,51.736622,159.101181
45.100,0.930,8362.569336,54.978001,1.518434,0.086791,0.544172,163.663513,53.858856,159.109451
45.200,0.932,8359.638672,55.278000,1.562894,0.086803,0.354637,168.886368,55.298584,159.111664
45.300,0.933,8418.763672,55.604000,1.541250,0.095242,0.125225,174.140610,54.056866,159.112900
45.400,0.935,8545.369141,55.952003,1.504872,0.089098,-0.127106,110.156136,52.365955,159.127747
45.500,0.936,8577.662109,56.178001,1.497249,0.080494,-0.382988,-106.011673,51.853500,159.156113
45.600,0.938,8646.926758,56.478001,1.513603,0.084841,-0.587305,-169.974854,52.277489,159.167923
45.700,0.940,8631.738281,56.804001,1.528695,0.089009,-0.746015,-164.704102,52.438377,159.145813
45.800,0.941,8713.199219,57.152000,1.553104,0.083273,-0.886504,-159.479187,53.092926,159.105774
45.900,0.943,8693.698242,57.403999,1.572912,0.081348,-1.048880,-154.300110,53.628757,159.052795
46.000,0.944,8695.536133,57.752003,1.562307,0.090436,-1.249415,-149.166855,53.114010,158.996704
46.100,0.946,8741.284180,58.004002,1.519862,0.101819,-1.423136,-144.085403,51.353428,158.948456
46.200,0.948,8726.944336,58.430000,1.476677,0.118224,-1.496704,-139.075699,49.593300,158.909363
46.300,0.949,8870.557617,58.930000,1.451439,0.130014,-1.483067,-134.161087,48.404755,158.868637
46.400,0.951,8983.427734,59.403999,1.449208,0.126866,-1.403885,-129.389954,48.068314,158.831406
46.500,0.952,9009.482422,59.804001,1.450317,0.117905,-1.298002,-124.788193,48.006435,158.795761
46.600,0.954,9048.187500,60.204002,1.413620,0.121219,-1.214006,-120.384216,46.692757,158.762054
46.700,0.956,9094.879883,60.630001,1.333305,0.137777,-1.171149,-116.177559,43.809631,158.729309
46.800,0.958,9098.860352,61.156002,1.243238,0.165679,-1.136772,-112.130867,40.566692,158.695328
46.900,0.959,9138.501953,61.782001,1.156193,0.191516,-1.106863,-108.210228,37.491512,158.665054
47.000,0.961,9202.683594,62.481998,1.056566,0.202975,-1.097123,-104.421600,33.770496,158.638962
47.100,0.963,9343.934570,63.181999,0.990616,0.200871,-1.117520,-100.775993,31.133057,158.608109
47.200,0.965,9452.736328,63.882000,1.020545,0.196410,-1.161867,-97.244507,31.767895,158.574158
47.300,0.966,9585.536133,64.582001,1.108228,0.192115,-1.194526,-93.787277,34.438797,158.540497
47.400,0.968,9692.850586,65.281998,1.143102,0.188125,-1.200026,-90.378403,35.172642,158.507324
47.500,0.970,9766.271484,65.956001,1.120095,0.186149,-1.184098,-86.989479,33.909840,158.470596
47.600,0.972,9882.273438,66.582001,1.121560,0.194728,-1.148002,-83.597107,33.509228,158.426529
47.700,0.974,9970.304688,67.307999,1.169729,0.207576,-1.083258,-80.161880,34.701439,158.374435
47.800,0.976,10042.816406,68.082001,1.199110,0.195110,-0.994334,-76.695259,35.152012,158.323578
47.900,0.977,10161.897461,68.704002,1.199161,0.157725,-0.893952,-73.205719,34.703270,158.284912
48.000,0.979,10261.223633,69.129997,1.208122,0.133366,-0.779131,-69.702194,34.727562,158.257126
48.100,0.981,10332.370117,69.629997,1.231868,0.136655,-0.642882,-66.213112,35.247810,158.235550
48.200,0.983,10390.900391,70.155998,1.257412,0.142850,-0.490934,-62.755882,35.713051,158.219955
48.300,0.985,10462.702148,70.704002,1.287226,0.133851,-0.337954,-59.361912,36.340557,158.213089
48.400,0.987,10575.939453,71.104004,1.304204,0.123003,-0.218091,-56.051132,36.777378,158.211960
48.500,0.989,10567.304688,71.504005,1.259082,0.126483,-0.138106,-52.832027,35.388531,158.214020
48.600,0.991,10616.832031,71.956001,1.146850,0.141193,-0.069122,-49.597336,31.967285,158.218170
48.700,0.993,10679.167969,72.529999,1.029710,0.158184,0.001925,-46.259281,28.416780,158.221375
48.800,0.995,10758.730469,73.082001,0.960331,0.166953,0.018655,-43.338577,26.284918,158.222702
48.900,0.997,10837.260742,73.729996,0.942868,0.161421,-0.001513,-40.564316,25.653290,158.222046
49.000,0.999,10920.454102,74.229996,0.956188,0.149554,-0.028671,-37.970875,25.869179,158.219025
49.100,1.001,10952.458008,74.729996,0.969954,0.144150,-0.053079,-35.586685,26.170784,158.216980
49.200,1.004,11022.475586,75.255997,0.954913,0.139523,-0.078748,-33.420216,25.657415,158.220184
49.300,1.006,11085.905273,75.804001,0.895337,0.140887,-0.094447,-31.459557,24.018755,158.222549
49.400,1.008,11115.738281,76.255997,0.772639,0.166775,-0.104416,-29.679720,20.631430,158.216553
49.500,1.010,11160.794922,76.908005,0.597031,0.203153,-0.101208,-28.112106,15.750287,158.207291
49.600,1.012,11260.682617,77.681999,0.423157,0.208953,-0.075539,-26.773676,10.931940,158.201202
49.700,1.014,11381.408203,78.356003,0.313359,0.182606,-0.065799,-25.670389,7.980520,158.195786
49.800,1.016,11477.550781,78.930000,0.267395,0.161294,-0.072789,-24.813246,6.846981,158.189926
49.900,1.019,11558.407227,79.482002,0.230405,0.172358,-0.059611,-24.179325,5.949041,158.185028
50.000,1.021,11644.251953,80.181999,0.161154,0.195594,-0.028213,-23.742731,4.125202,158.181107
50.100,1.023,11731.889648,80.882004,0.076211,0.197698,-0.009764,-23.466106,1.866832,158.183365
50.200,1.025,11810.315430,81.556000,0.011752,0.176755,-0.004034,-23.309574,0.232756,158.191772
50.300,1.028,11873.420898,82.129997,-0.018304,0.154768,-0.002774,-23.247236,-0.477253,158.195313
50.400,1.030,11950.761719,82.629997,-0.035805,0.148382,-0.012743,-23.256632,-0.842571,158.194061
50.500,1.032,12030.402344,83.155998,-0.066689,0.150523,-0.022942,-23.331347,-1.619502,158.195557
50.600,1.035,12093.586914,83.729996,-0.102507,0.143742,-0.044370,-23.425999,-2.519733,158.198135
50.700,1.037,12160.402344,84.204002,-0.115725,0.132844,-0.057090,-23.535089,-2.838298,158.196381
50.800,1.039,12232.012695,84.629997,-0.097102,0.129185,-0.051131,-23.661140,-2.372597,158.192993
50.900,1.042,12282.791016,85.129997,-0.053497,0.123513,-0.034172,-23.787191,-1.292687,158.186005
51.000,1.044,12345.380859,85.578003,-0.007176,0.109275,-0.035661,-23.907284,-0.128437,158.177124
51.100,1.046,12392.467773,85.877998,0.010299,0.095433,-0.038412,-24.001478,0.333138,158.167480
51.200,1.049,12433.464844,86.204002,-0.017666,0.101424,-0.031192,-24.061295,-0.394747,158.165115
51.300,1.051,12487.691406,86.604004,-0.053446,0.118491,-0.016754,-24.083755,-1.307355,158.171799
51.400,1.054,12527.226563,87.029999,-0.046703,0.079920,0.001695,-24.048462,-1.145093,158.178940
51.500,1.056,12459.536133,87.270004,0.000841,-0.091201,0.004446,-23.909576,0.024658,158.180557
51.600,1.058,11328.906250,86.458000,0.043325,-0.369596,-0.002774,-23.609344,1.029855,158.180313
51.700,1.061,9593.393555,84.524002,0.054670,-0.617820,-0.014233,-23.059076,1.260413,158.184280
51.800,1.063,9096.892578,81.949997,0.079946,-0.740123,-0.028671,-22.184515,1.764616,158.185196
51.900,1.065,8937.512695,79.398003,0.214141,-0.764073,-0.056059,-20.925383,5.180361,158.187714
52.000,1.067,9522.841797,76.698006,0.493594,-0.743003,-0.094676,-19.224842,12.884123,158.183792
52.100,1.069,10042.352539,74.128006,0.832407,-0.668819,-0.130543,-17.146381,22.742662,158.174316
52.200,1.071,10224.452148,72.031998,1.120133,-0.552355,-0.166181,-14.764024,31.434662,158.162903
52.300,1.073,9878.134766,70.336006,1.333929,-0.448127,-0.187610,-11.699387,38.131847,158.161011
52.400,1.075,9938.109375,68.936005,1.491246,-0.378544,-0.192881,-8.133526,43.405811,158.160950
52.500,1.077,9599.036133,67.639999,1.567508,-0.300166,-0.153805,-4.086840,46.335232,158.152557
52.600,1.079,9882.247070,66.744003,1.556189,-0.184874,-0.073133,0.371000,46.321022,158.138519
52.700,1.081,9942.037109,66.274002,1.526757,-0.079576,0.038479,5.105465,45.308033,158.125732
52.800,1.083,9990.715820,66.173996,1.579107,-0.043402,0.141612,9.996462,46.718426,158.118561
52.900,1.085,9918.791016,66.022003,1.720593,-0.060074,0.264110,14.955756,51.242043,158.119263
53.000,1.086,9909.595703,65.774002,1.826121,-0.046626,0.455134,19.931551,54.818218,158.131805
53.100,1.088,9920.733398,65.739006,1.799978,0.008731,0.673889,24.875948,54.039452,158.152679
53.200,1.090,9925.125000,65.889008,1.694004,0.062815,0.845089,29.800404,50.481613,158.176712
53.300,1.092,9882.762695,66.104004,1.610667,0.089557,0.962431,34.707443,47.698414,158.202972
53.400,1.094,9955.746094,66.478004,1.576481,0.081883,1.065334,39.580105,46.347607,158.240204
53.500,1.096,10033.462891,66.726006,1.585837,0.049903,1.133402,44.415413,46.477783,158.296097
53.600,1.097,10003.209961,66.826004,1.595231,0.025697,1.140162,49.204880,46.674881,158.357574
53.700,1.099,10018.143555,66.887001,1.575271,0.010745,1.120224,53.957451,45.967163,158.402847
53.800,1.101,10077.697266,66.837006,1.560931,-0.016099,1.113233,58.695583,45.341953,158.430817
53.900,1.103,10021.162109,66.748001,1.620954,-0.043962,1.114494,63.410793,47.310177,158.463516
54.000,1.105,10023.332031,66.573997,1.713569,-0.053981,1.091117,68.103088,50.443108,158.495880
54.100,1.107,10022.702148,66.447998,1.745780,-0.049966,1.038291,72.772469,51.737534,158.516006
54.200,1.109,10006.726563,66.248001,1.678619,-0.040776,1.007122,77.424881,49.899944,158.530792
54.300,1.110,10007.102539,66.086998,1.555016,-0.023402,1.002882,82.065376,46.354027,158.553253
54.400,1.112,9924.215820,66.037003,1.439024,-0.008043,1.002882,86.651108,42.953407,158.586380
54.500,1.114,9933.621094,66.026001,1.392397,0.005545,1.013310,91.141724,41.749279,158.627258
54.600,1.116,9934.679688,66.126007,1.414436,0.044664,1.054906,95.488869,42.722389,158.671692
54.700,1.118,10045.361328,66.356003,1.433645,0.115814,1.093295,99.672607,43.384270,158.714386
54.800,1.120,10067.680664,66.956001,1.381117,0.182963,1.106014,103.678497,41.431629,158.748123
54.900,1.121,10129.998047,67.608002,1.284677,0.208825,1.097076,107.486610,37.837120,158.780960
55.000,1.123,10236.419922,68.382004,1.240855,0.198284,1.058229,111.082489,36.106789,158.817886
55.100,1.125,10295.519531,69.004005,1.249382,0.178705,1.014112,113.975464,36.353390,158.858856
55.200,1.127,10315.396484,69.508003,1.203839,0.176806,0.980766,116.020927,34.977375,158.886795
55.300,1.129,10362.920898,70.281998,1.045286,0.186315,0.926678,119.792595,29.944971,158.919006
55.400,1.131,10433.857422,70.982002,0.879467,0.189731,0.902500,122.760963,24.924946,158.949051
55.500,1.133,10521.399414,71.655998,0.768586,0.187704,0.879123,124.873573,21.687962,158.978226
55.600,1.135,10583.559570,72.281998,0.660662,0.191299,0.829276,126.673813,18.605907,159.007126
55.700,1.137,10658.074219,72.982002,0.510661,0.201165,0.805097,127.800713,14.310558,159.034058
55.800,1.139,10713.970703,73.681999,0.310160,0.206939,0.792148,128.454803,8.616733,159.063049
55.900,1.141,10796.796875,74.382004,0.082355,0.199941,0.761552,128.639526,2.248192,159.094727
56.000,1.143,10882.142578,75.082001,-0.135826,0.181599,0.679390,128.385803,-3.690401,159.127045
56.100,1.145,10981.066406,75.729996,-0.329865,0.164162,0.570986,127.694145,-8.823644,159.156967
56.200,1.148,11080.935547,76.255997,-0.509565,0.155481,0.502460,126.595901,-13.487062,159.184128
56.300,1.150,11194.619141,76.830002,-0.681247,0.152766,0.453874,125.119965,-17.925880,159.208878
56.400,1.152,11310.612305,77.330002,-0.825040,0.149580,0.422705,123.309181,-21.524055,159.233551
56.500,1.154,11402.064453,77.856003,-0.928349,0.145068,0.419955,121.194962,-23.982273,159.243057
56.600,1.156,11468.109375,78.430000,-0.992719,0.132143,0.428664,118.812149,-25.400917,159.235031
56.700,1.158,11561.548828,78.877998,-1.032348,0.101373,0.457770,116.229485,-26.202143,159.226425
56.800,1.161,11639.045898,79.125999,-1.081931,0.062203,0.519305,113.515724,-27.293055,159.239395
56.900,1.163,11693.341797,79.226006,-1.182832,0.055269,0.555746,110.730698,-29.848446,159.252625
57.000,1.165,11694.566406,79.456001,-1.297385,0.107453,0.549214,107.905785,-32.942875,159.274994
57.100,1.167,11740.367188,80.056000,-1.303605,0.158337,0.593790,105.063911,-32.884663,159.308044
57.200,1.169,11803.866211,80.629997,-1.203686,0.142085,0.625761,102.227997,-29.856237,159.349350
57.300,1.172,11826.955078,81.052002,-1.120082,0.096427,0.588633,99.420967,-27.556614,159.396210
57.400,1.174,11886.395508,81.278000,-1.092575,0.080010,0.562965,96.656784,-26.937361,159.441467
57.500,1.176,11899.151367,81.604004,-1.073646,0.100812,0.538328,93.944862,-26.469828,159.460831
57.600,1.179,11933.281250,82.029999,-1.032998,0.121091,0.493981,91.327133,-25.294117,159.470871
57.700,1.181,11994.304688,82.478004,-1.000711,0.114463,0.452384,88.781136,-24.301754,159.482742
57.800,1.183,12043.911133,82.778000,-1.003044,0.090959,0.411016,86.309395,-24.269211,159.484222
57.900,1.185,12081.741211,83.078003,-1.021067,0.077754,0.400245,83.912834,-24.695034,159.483337
58.000,1.188,12137.856445,83.377998,-1.021755,0.078416,0.458228,81.654228,-24.659739,159.491150
58.100,1.190,12154.978516,83.652000,-1.001973,0.078977,0.549214,79.716484,-24.120699,159.506805
58.200,1.192,12180.839844,83.877998,-0.970859,0.071559,0.602728,78.154144,-23.357061,159.520569
58.300,1.195,12225.888672,84.152000,-0.889995,0.063006,0.694401,76.165977,-21.502512,159.551880
58.400,1.197,12249.694336,84.352005,-0.719690,0.078633,0.787564,74.497070,-17.432220,159.590698
58.500,1.199,12237.795898,84.629997,-0.479062,0.118287,0.870070,73.184082,-11.454665,159.634979
58.600,1.202,12292.344727,85.181999,-0.266426,0.148739,0.905708,72.062920,-6.144952,159.683472
58.700,1.204,12350.910156,85.804001,-0.176143,0.149567,0.924157,71.122124,-3.979630,159.729767
58.800,1.207,12430.358398,86.229996,-0.188239,0.129007,0.926908,70.350235,-4.439829,159.771194
58.900,1.209,12466.291016,86.678001,-0.202069,0.109798,0.922668,69.735794,-4.773520,159.805222
59.000,1.211,12517.060547,87.004005,-0.193274,0.098925,0.924157,69.261383,-4.462289,159.848145
59.100,1.214,12580.796875,87.377998,-0.201037,0.101156,0.920949,68.892624,-4.636010,159.889313
59.200,1.216,12641.636719,87.704002,-0.221291,0.116503,0.887832,68.604088,-5.178716,159.921234
59.300,1.219,12698.539063,88.155998,-0.202974,0.131646,0.855402,68.401711,-4.761602,159.947586
59.400,1.221,12757.070313,88.704002,-0.129351,0.131161,0.856663,68.311417,-2.984517,159.980408
59.500,1.224,12820.184570,89.104004,-0.029878,0.117420,0.837755,68.355652,-0.691769,160.023193
59.600,1.226,12882.590820,89.478004,0.070717,0.101679,0.803607,68.534874,1.597312,160.074097
59.700,1.229,12925.109375,89.778000,0.160784,0.089952,0.796846,68.877502,3.611374,160.115524
59.800,1.231,12964.498047,90.104004,0.243853,0.083438,0.813806,69.386063,5.451714,160.143967
59.900,1.234,13019.651367,90.452003,0.334148,0.077511,0.809337,70.040604,7.460275,160.175888
60.000,1.236,13076.781250,90.678001,0.427299,0.070386,0.777251,70.826706,9.569219,160.214142
60.100,1.239,13103.614258,90.952003,0.493313,0.068882,0.705746,71.712502,11.019946,160.243332
60.200,1.241,13127.778320,91.178001,0.523255,0.075803,0.654638,72.649628,11.618114,160.272064
60.300,1.244,13167.839844,91.478004,0.538143,0.086255,0.640429,73.615173,11.914219,160.305145
60.400,1.246,13209.870117,91.778000,0.538805,0.089506,0.625761,74.592178,11.907803,160.338791
60.500,1.249,13225.731445,92.078003,0.506837,0.082533,0.594592,75.574692,11.170291,160.368042
60.600,1.251,13257.647461,92.352005,0.438108,0.065109,0.594821,76.542763,9.584344,160.393295
60.700,1.254,13285.713867,92.552002,0.363452,0.047086,0.610520,77.419388,7.885639,160.410675
60.800,1.257,13307.665039,92.726006,0.326182,0.043746,0.621979,78.089973,7.033994,160.424118
60.900,1.259,13342.538086,92.826004,0.326526,0.056977,0.634928,78.810295,7.056912,160.443176
61.000,1.262,13367.333008,93.029999,0.369928,0.077333,0.652117,79.665611,8.046984,160.472549
61.100,1.264,13402.433594,93.478004,0.409454,0.074784,0.676754,80.568130,8.923379,160.507309
61.200,1.267,13431.461914,93.726006,0.375727,0.051305,0.718122,81.237343,8.165242,160.542419
61.300,1.270,13457.490234,93.852005,0.294634,0.042165,0.739321,81.809845,6.357904,160.582031
61.400,1.272,13466.790039,94.026001,0.204045,0.052694,0.740811,82.342468,4.381887,160.623657
61.500,1.275,13502.135742,94.178001,0.131072,0.061183,0.743561,82.843231,2.736811,160.663269
61.600,1.277,13515.959961,94.452003,0.109046,0.058863,0.736342,83.286705,2.252318,160.701065
61.700,1.280,13538.619141,94.625999,0.136655,0.051763,0.727862,83.672874,2.915574,160.738098
61.800,1.283,13561.830078,94.778000,0.171236,0.050514,0.724883,84.004738,3.704422,160.774338
61.900,1.285,13588.041016,95.026001,0.176080,0.048998,0.704485,84.293732,3.784636,160.801697
62.000,1.288,13601.690430,95.152000,0.160899,0.040190,0.661628,84.554306,3.422985,160.827713
62.100,1.291,13628.050781,95.326004,0.141919,0.030898,0.631720,84.806412,3.016414,160.853302
62.200,1.293,13656.667969,95.426003,0.117382,0.032108,0.617510,85.052551,2.513586,160.878937
62.300,1.296,13674.647461,95.526001,0.081718,0.040891,0.619229,85.275780,1.712362,160.918137
62.400,1.299,13700.325195,95.652000,0.056390,0.048934,0.640658,85.473106,1.151780,160.952591
62.500,1.301,13725.250977,95.852005,0.062407,0.049023,0.660826,85.639038,1.273706,160.975616
62.600,1.304,13747.210938,96.026001,0.082878,0.044919,0.686495,85.782051,1.783409,160.991760
62.700,1.307,13766.729492,96.152000,0.076147,0.046295,0.691766,85.896187,1.637649,161.024933
62.725,1.310,13769.564453,96.202003,0.067862,0.048526,0.684604,85.916237,1.448573,161.033432
